Area,Year,Total Export Value per 1000 USD,Total Crops and Livestock Yielded per 100g/ha,Total Fertilizers Used in Tonnes,Total FDI Inflows per million USD,Total Land Use per 1000/ha,Total Pesticides Used in Tonnes
Slovakia,2015,12.644294538281166,11.562235493986512,10.191802573071502,3.6261383255869384,7.1996943489771805,5.794797247106744
Guyana,2003,9.334422048002642,11.757058738269098,8.202242691810262,3.299533727885655,8.159316061405054,6.438447407640727
Bangladesh,2015,13.031543881452277,11.424239595891827,13.95462098380079,6.411309106910847,8.757999266511803,8.114426439468367
Czechia,2008,13.321933512927046,11.721752624041448,10.485232498682702,7.536464997920048,7.796520797931173,7.143803209490755
French Polynesia,2011,9.7819829264318,12.109124267468664,5.0510208297458306,4.382182166328207,4.28553867822953,4.626491267691775
United States of America,2009,15.835194885375119,12.186384648027385,14.73632393953057,11.47517548309463,12.575351409903973,11.443007456492314
Cameroon,2011,11.384260308228964,11.120424952133492,9.428813031640495,4.817204254892471,9.350508029139414,6.9010176319293945
Slovenia,2020,12.408215822835905,12.20097682672879,8.562299560101609,4.847101207670938,5.923322678961168,5.603172561756972
Philippines,2012,13.051137049323318,11.49379731925111,11.739268891219574,7.810772754038766,9.17000437045331,8.595772235049383
Jordan,2021,12.405742108676492,12.066926950735464,9.62066034281053,5.76792479075242,7.308926738113478,5.78165579794909
Fiji,2003,9.576284721922065,11.382318047329575,7.763021309018518,3.1272743293845418,6.0348831674755035,4.8640669070081195
Colombia,2002,12.116910776070073,11.968629038602264,11.884039782579025,6.616698153775264,10.300199182721276,10.086290660032596
Denmark,2016,13.907235181732391,12.141431007965176,10.6338510349123,7.762005589523547,6.999074779334206,6.5684069102554234
New Zealand,2019,14.02185027739738,11.690777883359031,12.64677146331169,7.627160261462362,8.830720522011728,7.114283557983124
Nepal,2015,11.063818622947599,11.410266347752865,10.683464248311758,3.9619178734732126,8.161203726768598,5.106170556792634
Republic of Korea,2003,13.078183930025075,11.573953770001511,12.61033202704208,7.251307303820741,7.815375194408661,8.676226929684429
Egypt,2009,13.220379362909437,12.11600917762944,12.033194360363515,7.793032532953624,9.90812677423211,7.854198811403189
Republic of Korea,2018,14.209445245534802,11.665188936568311,12.14392770194338,9.052119186168742,7.770483477024698,8.542859545794032
Finland,2007,12.411271652242894,11.779980633002763,12.036957498943414,9.192987036289912,8.75018541825187,7.049527621508238
Guinea,2010,10.034609012353904,11.154036383325016,7.015584174254287,,9.014578902815526,4.942374297580611
Luxembourg,2016,12.04196101944271,11.32158334495519,8.175369327012621,8.346437311843298,4.450450626430721,3.8193749931948298
Burundi,2015,8.8223086545132,11.590707156934654,8.91197645117754,1.559474470243117,7.045703984233115,3.0779045801530565
Uruguay,2013,12.64989350949055,11.83554263813516,11.132913899384004,7.311699282797521,8.823400815545954,8.32069265294768
Brazil,2002,13.682162339038616,11.831499519428132,14.263319295046845,8.572882974568108,12.151807473281991,10.584663036015163
Kyrgyzstan,2017,10.619232969050682,11.527027382072525,7.0156343595215755,,8.467631729873446,5.235182304545245
"China, Taiwan Province of",2014,13.394138680976386,11.991974931980144,11.977570596409144,7.692924208075124,6.936996281392624,7.945082415231497
Chile,2004,12.431419434599253,11.942058566321014,12.175041109348184,7.134062939219903,9.732673529367107,7.0570245402385465
Dominican Republic,2009,11.69539048369525,11.521010871614124,9.67093529449725,7.680822082717956,7.309289594715468,7.137727903449596
Malta,2010,10.149443901915495,11.41803533978775,4.783380740075524,7.492512702584418,2.3615794273377193,3.5304697173662944
Ireland,2009,13.483028624483632,12.097135602828683,11.342773556699361,9.769199142684451,7.758189135357094,6.208243442457497
Azerbaijan,2008,11.23135191964174,11.299896497445577,9.451991594846133,7.696803373919286,7.8756227650653114,4.199980040074358
Republic of Korea,2019,14.21284832127557,11.711664842091713,12.13759670291247,8.961197697408641,7.768371201812642,8.431251475900972
Estonia,2006,11.0640895439455,10.92037576049748,9.330306208773026,5.990551072934125,6.828255876072787,4.825372272576371
Nepal,2012,10.789919601042222,11.436445871555907,9.348561998238546,3.780994557821725,8.160528451507076,4.772764783888315
Republic of Moldova,2016,11.072319479349616,11.199294806338168,9.431699474966226,3.853864091254614,6.987951820976414,6.5791852376116156
Eritrea,2010,8.80492526261806,9.978071431836241,5.707110264748875,4.5217885770490405,8.303642400846504,2.4912200118445926
Georgia,2008,11.012228236511021,10.420093106940868,8.917412947640267,6.360420173085509,7.3574764783448385,6.7670241528143436
South Africa,2005,12.565375425348451,11.946319922563177,11.392423110315082,8.240017509445236,10.757773439690958,9.003138537841071
Maldives,2009,9.34437094554472,10.575479191023282,4.990432586778736,5.06867516341423,2.217225244042889,3.0876275382582468
Estonia,2011,11.698230414242085,11.218608094201494,9.703313742153146,,6.8483767554626365,4.852353872267073
Indonesia,2018,14.754576686883249,11.924870141322574,14.764549660189376,9.267365739928882,10.910642413343774,11.209059827936041
Slovakia,2011,12.860073076868105,11.641457632265457,9.529468255967885,6.736477157879559,7.256915907187499,5.689289061838548
Fiji,2004,9.681718056775063,11.41481514621125,8.667909408794861,4.84888169518771,6.0290814106792885,4.922884249680715
Nigeria,2010,12.566540823551302,10.80579736892584,11.781983757868854,7.758791713612112,10.560903923140275,8.66745498598859
Mexico,2014,14.57628057190964,11.870897385652706,14.3546862926336,9.25708074783566,10.909611553891272,9.5711100211553
Tonga,2011,7.736223915713102,10.536229878795655,6.248767950068896,3.4242661399290975,3.3025483005923157,1.4569525119259032
Slovenia,2002,10.772361676480426,12.042639572840605,9.456599307719483,6.75883696915069,6.051416673942785,5.796999556367335
Netherlands (Kingdom of the),2021,15.94309745443095,13.009858288848394,11.16560472892986,9.062307197040665,7.0602310876075975,7.97948859051536
Oman,2005,11.082864723944013,11.921595432027305,7.020041754710697,6.905727215851653,8.619448892120586,3.61482917260377
Bolivia (Plurinational State of),2014,11.663726691948437,11.271988176279523,6.240275845170769,6.95202285067783,10.124880863739989,8.323034855544014
Azerbaijan,2010,11.314712810862487,11.309049638559129,8.309533313607089,7.562395491612068,7.875881533211684,4.4366775671305785
France,2021,15.59943893637742,12.3365168558324,13.206586260266551,9.387812533785386,9.882994620284297,9.869591222521692
Tonga,2010,7.701867615457487,10.53960572264785,7.4646244412494545,2.7015984666837154,3.3025483005923157,1.4569525119259032
Türkiye,2002,12.590299220923226,11.776033508709382,13.165210919118083,6.419180264150966,10.172051494139806,8.984311232783487
Rwanda,2010,9.370249440414106,10.911968450514722,4.790265669664771,4.865394971093245,7.030267853457529,5.611907340701701
Algeria,2016,12.900406553941657,11.360925138142523,10.658889398218795,6.736466186135959,10.679486887498804,6.872411308209681
Iran (Islamic Republic of),2011,13.355032152724943,11.83031681377865,12.591932146932328,7.128300056406774,10.468824088600655,6.742605440696502
Nepal,2018,11.457620626315551,11.458511516930507,12.04627061016609,4.220326120183163,8.161203726768598,5.37261613682517
Armenia,2006,9.944945344894096,11.440102649554689,9.027361456312079,5.062120165020739,6.70527183036423,3.9441889777829147
Hungary,2009,12.966640323155179,11.683074064372288,11.136023517986379,6.50875119244903,7.913142917498708,7.9750542891196465
Montenegro,2011,10.264062797070721,11.217998880965578,6.2032713523940455,5.665039246821992,5.957873292112891,3.1163683781927807
New Caledonia,2015,9.787705911190857,10.036465667130585,4.65945898935544,6.346593125790013,5.7620042118563255,4.360505030783634
Uruguay,2008,12.064553963073685,11.79959118778031,10.43143574485884,6.5784388880671045,8.702084360593323,7.969654404260873
Saudi Arabia,2012,13.868938798814247,11.504191181931116,11.402005077384885,9.023162341360344,11.210223973880202,7.010838202895905
Bhutan,2017,8.99506993371008,11.417736277845995,6.018419407248035,,6.666988598539163,2.074743020898282
Côte d'Ivoire,2007,12.12065068656442,11.339557522850898,9.446321172091885,6.058601386565953,9.337200603472214,3.644195846487296
Saudi Arabia,2010,13.633113548323825,11.483022803615915,11.799989846690362,8.99087282670889,11.289030443873315,6.942650410967459
Canada,2014,15.040816093625024,12.062487069040898,13.622169711183862,10.996063779699432,11.81288369022793,9.955884537632953
Croatia,2016,12.213957654066139,11.973298780333721,9.78120315091622,,7.316942024626754,6.263292134511259
Pakistan,2008,12.687605906556463,11.492254187779674,13.483007951923682,7.52296434122147,10.231996850263714,8.346464773742547
Senegal,2004,10.653665650382756,11.84148073063159,10.275809442051038,3.8296357172057585,8.535075208012891,4.545314018834726
Kenya,2009,12.082488990639002,11.802536131034667,10.018536695781764,6.469524607340056,9.762538238847904,6.436736277277356
Norway,2004,11.955813999001235,11.556545826122044,12.289919646157712,7.643776337668616,8.584866793049281,5.283216419012796
Peru,2010,12.45851396178241,12.096904891529393,11.193900295611957,7.071270051238874,10.163250910103233,7.323890755683769
Republic of Korea,2013,14.060434420191461,11.67758275654131,12.163165144518898,8.750821531395657,7.7926035022200075,8.533633590118248
Italy,2021,15.375389076585167,12.221093022741588,11.871007418606416,8.150093528564398,9.062183655737208,9.276686321231026
New Zealand,2009,13.384375656855438,11.60672086170612,12.41061221089056,,8.875935995856969,7.114413694036484
Paraguay,2004,11.177701532226765,11.597561606653898,10.998344651147233,3.3708641685307756,9.250107364463164,8.033211793399301
Benin,2011,11.233589577130717,11.087009010101998,8.15203337293077,4.712862076877493,8.095014178443794,6.105455215636687
Honduras,2006,11.163595504287906,11.796185273611423,10.568500141185352,5.4752075333447845,7.964532328489493,6.891445494601848
New Zealand,2010,13.611235476351643,11.634883772037087,12.443765272462041,5.678745920563621,8.873137868775226,7.114364895001069
Croatia,2007,11.839898560603483,11.713250646203758,11.2929839246001,7.421391655877966,7.082998270311748,6.354461962038302
Viet Nam,2007,13.037525794115009,11.601280106043236,13.779230317381002,8.184095255433974,9.16684118586333,8.604826708170117
Armenia,2011,10.693187511766675,11.498133264495356,8.102806586659808,5.488605578026396,6.68663174488222,4.278670282178222
Ecuador,2009,12.272342284605587,11.678576334818585,10.563777894138664,5.200944310476792,8.530028117286097,7.790289103891474
Montenegro,2009,10.162533094978803,11.226996854305394,6.652217659856923,6.668831582892974,5.958489290426529,0.2642854946453849
Saudi Arabia,2005,12.964127614977462,11.498004701959655,12.129916680233507,8.273688161677642,11.289999598294331,6.747372628106937
Guyana,2002,9.242371842806847,11.821986535970987,8.764521909518802,3.1297789583926736,8.236332246532603,6.507171363446582
French Polynesia,2004,9.49587884420996,12.110701749596949,5.585374243605899,2.180500901866071,4.28381642049858,4.7089143961276205
Ethiopia,2011,11.955767975129286,11.159019411386806,12.525580366460796,6.441759607133938,10.176778026390412,6.940312010125244
Oman,2011,11.947369649598397,11.950355324440721,7.243359792301578,7.2428044342174775,8.618565263798125,4.290236813628998
Bosnia and Herzegovina,2010,11.427726535414086,10.873038443251167,10.444723783939207,4.711618735022872,7.356758689104785,6.385085985508572
Nepal,2013,10.887938746207066,11.424369424527647,10.023108897466152,4.9858309850180635,8.160446816354934,4.874346361453987
Syrian Arab Republic,2002,11.26041317668426,11.745064075529388,11.796861153481153,4.7535901911063645,8.926456206541769,5.462399518021869
Iraq,2017,12.994241906632686,10.81712932446634,11.982815546102954,,9.280643495818607,3.995582598527077
Democratic Republic of the Congo,2007,10.357552330480354,11.285391037854586,7.008324333903833,6.815823786779173,10.736965354322468,5.476235724958136
Uganda,2008,11.086476094209724,11.505080327752252,8.25201162875513,5.912539027647234,9.037986472617963,6.616502394317606
Iceland,2013,10.032256319760338,13.484418422608357,7.308877637656164,4.983456214278985,7.870700562895302,0.5264177185258269
Oman,2012,12.030882350736183,12.049199513189807,8.753739851753249,6.7417406118010454,8.48393035197662,4.422973621382288
Türkiye,2015,14.039350326529666,12.005281942867446,13.35596036731521,8.337379287830172,10.130249166146786,9.248657242721015
Algeria,2010,12.497832641936252,11.125839913249456,10.029658165762664,6.431989459894805,10.678901151107475,6.3584198004542705
Kyrgyzstan,2011,10.657414244877222,11.24638914593727,9.531046110875145,5.851572971330777,8.64144297620917,4.657351419374436
Ecuador,2014,12.661875568784279,11.80056378646495,10.556804557416125,6.013106846365605,8.427807576548854,9.169112342654001
Uruguay,2018,12.445367550332891,11.874926201664309,10.695728006234921,5.227005379866051,8.571555106102249,8.193691714057728
Thailand,2010,14.157998976492596,11.629255324064696,13.07036868302632,7.413119071365927,9.802045276467798,9.747190404025663
Colombia,2016,13.150171137757722,11.907771970496556,11.43466426470769,8.448660706024627,10.325310636444605,9.133165702308819
Tunisia,2014,11.968195169627213,11.573336160162679,9.791301334364945,5.643424303224126,8.659509838766471,6.663902332238901
Pakistan,2017,13.131292939495056,11.63114880771762,12.9631928001078,6.96230659358664,10.253990024364608,7.995996473288527
Gambia,2003,8.256748900800602,9.861473441477228,7.947148207990275,2.459954586876638,5.834323264465973,4.721746144213201
Hungary,2020,13.476611370679347,12.08806181607361,11.445499044529397,7.577881700976696,7.868464514178391,7.7897987836781715
Togo,2007,9.543154138836226,10.200045120987252,9.617936541093302,3.2280222286982223,7.716011553029037,3.977914777175606
French Polynesia,2017,9.824817111207627,12.185173631707595,4.431330736019045,3.9841578450927866,4.290116916740178,4.841308932797112
France,2014,15.518292984850806,12.144074410284077,13.100467059867565,8.90636785191411,9.773413441924944,9.933602025606756
Pakistan,2019,13.066886427474438,11.683853574361473,12.940374078450102,6.629451316490652,10.24503753489902,7.995996473288527
Senegal,2015,11.435960156824997,11.876569974057986,10.579853038185329,5.399361496250789,8.73261366304427,5.06494809924343
Costa Rica,2007,11.907874640636132,11.964152780988373,9.240206570332395,6.433617515969361,7.221957561243314,8.033935716716673
Gabon,2004,9.36426245424844,11.424901454227939,6.08649059564175,4.445332482319058,8.511036075219293,4.389581359077991
Côte d'Ivoire,2002,11.87861461691735,11.351905945554467,10.386145156474198,4.655755200354557,9.308154988060274,3.6436205477083217
Brunei Darussalam,2010,9.600663641087028,10.257363583168866,6.294527721598065,6.177362229020703,4.504584577083225,3.8659092564621225
Ecuador,2005,11.736532242312027,11.60563590474062,10.458398784890242,5.559419296144473,8.570070231017004,8.433780875483992
Uruguay,2012,12.575633911359756,11.959769212643044,10.777413433632514,6.544673029172326,8.687884882728023,8.536794273349049
Brunei Darussalam,2008,9.546446470148322,10.22941974364033,4.818020947816869,5.779457939793504,4.501176172138675,3.7732588983830198
French Polynesia,2020,9.844103630841584,12.209854769986348,4.311817520616945,,4.299210988735958,4.956120441789958
Brunei Darussalam,2004,9.314445099462002,10.190608753443152,4.90527477843843,5.814012515906238,4.430051199724637,4.786018435775862
Colombia,2021,13.495720744685347,11.979936552845398,11.642821507710412,8.075347068492256,10.31105019539052,9.32115812692212
Namibia,2006,10.020872360762345,10.731563759686178,6.385500959392523,5.298869931355981,10.067839592526429,4.725856938283805
Myanmar,2020,12.503292313609775,11.469520972002915,12.438793520845415,7.553891583026125,9.389177720863135,8.11486957223191
Eritrea,2011,9.250460405894017,9.994965724242151,6.3561076606958915,3.6888794541139363,8.30374129063564,2.4910543803742344
Switzerland,2021,13.90072317283839,11.997528940335442,9.110272693199006,8.969177292758772,6.880639780907169,6.441918954447679
Hungary,2015,13.231317976101032,11.7166439656972,11.122598762222538,,7.937202806391094,7.87737714172962
Saint Lucia,2009,8.980313025366355,11.169126452962555,5.683579767338681,4.993133636338102,2.7083834788923307,4.285033789982701
Latvia,2010,11.80632615491545,10.961483988629716,10.446463624261645,4.317282279020507,7.361522520103987,5.602076648140153
Gambia,2009,8.886109568999535,9.893661658384836,8.006700845440367,3.6998712474072737,6.009427247482154,4.417324829636736
Bahrain,2005,10.312712251185442,11.645202946777065,8.088459456368719,6.996700954135291,2.8109577105989696,1.6145675902540988
Libya,2005,10.93328009137683,10.965514615065084,11.575909653758895,6.369900982828227,10.420133704117049,6.7486554975300175
Mauritius,2014,10.959583493965345,11.840823908589458,8.107760221746688,5.318649906111985,4.193609499068381,5.467095239359629
Saudi Arabia,2014,14.066928062447797,11.291013966866666,12.063938642041201,8.810592141363822,11.136507568485355,7.2328824506558576
Senegal,2019,11.57526279573359,11.91344137628673,9.23867362892093,6.344343291841785,8.73701121930187,4.611781615575745
Türkiye,2017,14.102523255184433,12.06972482295518,13.452148783111152,7.769565186249133,10.121006082268972,9.586789511434366
Cyprus,2008,11.150261192184757,11.602672725644343,7.613637837441742,7.633692961639036,5.18428843612664,4.869576320463411
Georgia,2009,10.734922763709797,10.558162406498369,8.784874917026618,5.413987469310855,7.480629720000648,6.7670817069131575
Panama,2021,11.64985900175449,11.739778571812137,8.014805377766876,7.015053129144996,7.4707484779177555,5.510844765399057
North Macedonia,2009,10.821866934993585,11.287285745262734,8.524681748715299,4.1895163271444975,6.541545224096968,3.517992274945645
Ireland,2018,13.859611024018871,12.398469937855054,11.842523579407871,,7.748275118355085,6.598614122352388
Democratic Republic of the Congo,2006,10.297963331886356,11.221802813843157,6.722830336318068,4.928975546106343,10.736617665725,5.481485786874046
Guinea,2005,9.727443749347634,11.158179827553374,6.991636762962839,4.663439094112067,9.00567095151832,4.488622324689689
Malta,2011,10.368489108915245,11.490625808404022,4.9237164748065005,9.667039565697426,2.3615794273377193,3.4992742933022756
Latvia,2008,11.91463463949352,10.91249191427643,9.944576711364821,5.767820426154692,7.444097565959407,5.610653723329539
Luxembourg,2011,12.245030704000426,11.581776159683875,8.909542357346064,12.188719828557531,4.532282238532255,3.7725967209992697
Dominican Republic,2011,11.97893934626676,11.479050872178801,9.70350357955944,7.002838160228829,7.308975497975462,7.222439490136489
Côte d'Ivoire,2009,12.503288346927931,11.460069227334918,9.175541866433488,5.219459945519667,9.337200603472214,3.4674011821187882
Bangladesh,2003,11.32627706085875,11.237751505561635,12.958458950733332,4.5668970237665985,8.77364256143692,7.102543250558858
Trinidad and Tobago,2004,10.20476121444481,11.46987413547649,6.259772650376566,5.840932312803434,4.597448139894181,3.7902104335128324
Nepal,2014,11.229168456179437,11.404775203000398,10.242574225680682,4.693656527183018,8.161203726768598,5.062269482753704
Argentina,2009,13.99191705104393,11.909641502241598,11.725544908545098,7.220290878637814,11.258661865625703,10.587216196172587
Cambodia,2005,10.120691834590087,10.942386830259471,9.86255487480738,4.672270267277344,8.511543932693646,4.699172692979071
New Zealand,2017,13.951434806673822,11.66855818888455,12.646468334094948,6.712186623948411,8.842687017871395,7.114381161610803
Iceland,2006,9.741588528896223,13.25099842748406,6.8509732648831525,7.589175228991287,7.87230269941958,0.8186779030071546
Bulgaria,2009,12.35639278390647,10.798218647810199,9.946101171906887,6.723958440394948,8.198845704653571,6.1980227472812075
Slovakia,2010,12.637757384025205,11.40289294134875,9.282603786836745,6.30528469939784,7.186949646849836,6.000636247073999
Republic of Korea,2012,14.05348308124172,11.665771007762265,12.198570407318085,8.776748540212264,7.795379010840906,8.452709221171691
Iraq,2016,13.233555115390345,10.807580557325723,11.145752754648552,,9.210988623354309,3.5681232529781366
Pakistan,2018,13.159506618051674,11.645559295815756,12.920001620052423,6.421318698698848,10.254423366822971,7.995996473288527
Senegal,2008,11.42032988895941,11.882441157935881,8.955577146281511,5.571959484737528,8.729289276911423,4.904690245492412
Colombia,2007,12.799880613539674,11.898439534769844,12.15673353821902,7.844393866645262,10.254925054991425,10.067259371839583
Canada,2019,15.028334509063818,12.077488992629585,13.856893355205283,11.066933612423089,11.87670793052907,9.970181784173576
Viet Nam,2011,13.944616225848721,11.677463309632023,12.706060833356606,7.716493539061367,9.19260994618668,9.063455895900962
United States of America,2015,16.21088081665656,12.209302877255004,14.80481529942054,11.741638809481259,12.570392739273393,11.62424541217428
Australia,2004,13.85958485800074,12.036489787701168,13.155084891442716,9.674783420726648,12.217245708033033,9.393407761678725
Suriname,2007,9.313367113869687,11.78507079827288,7.595530915740172,,7.899586290101639,4.709748967600035
Ghana,2003,11.032616248441899,10.940859310057617,9.749009735872116,4.117162622188066,8.967921806840822,3.3369699232506687
Czechia,2015,13.539102065347919,11.741719422629147,11.410967091964382,6.170057363559823,7.782614856476864,6.943446935796461
Armenia,2018,11.284490580515845,11.40985491792431,7.678355931749071,4.265126641832905,6.616163820442929,4.912769258280231
Indonesia,2017,14.792439224664285,11.904232639028665,14.686825994793837,9.078389824395527,10.906976713349051,11.274600035664145
Armenia,2010,10.523433240990782,11.405384796728105,8.159597188512262,5.011915912088225,6.697752943591053,4.143469767260836
Belize,2009,9.327937883177592,11.439194960028333,7.2999099730304495,3.636160081957171,6.0785019654252,5.1767568928474885
Saudi Arabia,2011,13.799478901611394,11.485795760081437,12.553205710188037,9.19726519656128,11.28909070607709,6.9773259094601405
Mexico,2017,14.681054490831913,11.906990076090896,14.768310124041522,9.219429628052433,10.960407552413159,9.737166502167966
Zambia,2021,11.066083325524868,11.906431345743215,12.176954548663748,,9.856238699935517,7.2442715622523295
New Zealand,2011,13.517852726002687,11.609513010413764,12.577601935365712,7.731082252889869,8.871575509295086,7.114413694036484
Switzerland,2003,12.88105214279432,12.085912411575539,9.588950659811935,8.094996088380029,6.9614317374484065,6.02715568699122
Kenya,2020,12.497944464660204,11.741317762936697,10.854684759552622,5.874427916259711,9.69222601429923,7.484702455943298
Slovakia,2017,12.746644413211463,11.591198607887167,9.905474034695054,6.7937563150619384,7.199048679873495,5.88582930235755
Ecuador,2015,12.6570278210662,11.900892368559315,10.32505770867811,6.551814813105487,8.445381223959226,9.338069715218172
Ecuador,2007,12.006995748740334,11.737512773565145,13.965085642847425,4.707902751608055,8.56789818779044,8.166772576892164
"China, Hong Kong SAR",2011,13.946064841101185,11.71323223058158,6.727431724850855,11.476901199067918,3.0465045989274144,3.196630215920881
Czechia,2014,13.582865323394719,11.882670126837157,11.484834584803703,7.08652176663851,7.784697289510311,6.992833747440425
Australia,2002,13.588068876659033,11.992136011992413,13.171467143189284,8.735857700259254,12.254453202012305,9.08506301138848
Slovenia,2009,12.063595885954676,11.52995709974757,8.99988385593783,,6.119722685534483,5.801561465907944
United Republic of Tanzania,2016,11.682147305723262,11.391353441976978,10.617949757809166,6.092135333154403,10.21327994290881,0.4054651081081644
Iran (Islamic Republic of),2013,13.542380916708899,11.84697268569367,11.66693476834468,6.669994476789783,10.46465927223882,7.073457082203392
Iran (Islamic Republic of),2018,13.501296764966016,12.056109322837022,12.836122044366686,7.110533297886807,10.42716094791632,7.018655422529238
Colombia,2005,12.477744104405335,11.985231555153621,11.93316376722979,8.232246753568335,10.256036496230541,10.41106455524216
Ireland,2021,13.906431690431004,12.524383093656917,11.824271478522116,9.470466161793045,7.725487704452739,6.736085362935941
Kyrgyzstan,2010,10.447929028836354,11.201948711457236,9.918511623835217,5.392802205852574,8.641561901244737,4.7686911133183285
Papua New Guinea,2005,10.258778495709219,11.498718353535203,8.470916532411104,2.672483677923512,9.075904674487344,4.7832605818097775
Norway,2007,12.337470539906661,11.376185665602746,9.210440366976517,8.61447655593782,8.584324598118796,5.176050857629366
Togo,2008,9.666142066973189,10.195825021792762,4.4923746918427465,1.603965164229329,7.722673827513287,3.7413137639623577
Bosnia and Herzegovina,2008,11.511037016306297,10.832013132478577,7.52456122628536,5.564289293453189,7.354149042588739,6.4146596412099175
Indonesia,2008,14.311892344934137,11.785235213640632,14.455636504740472,8.543131207032006,10.846710501035384,11.199627928517389
Angola,2005,10.738012217606085,11.22625136918772,8.412054873292933,,10.385878978955368,3.020546829928429
Sweden,2005,13.035025492571359,11.872448723606562,10.195570640581684,8.642427966613417,8.954806040326321,6.275999485022891
Lithuania,2011,12.728112405171629,11.59127751351546,11.269562806787118,6.231272014525626,7.535416060738955,6.069428171908857
Iran (Islamic Republic of),2014,13.646380860191961,11.890123275879,11.773002835551667,6.284395320995431,10.4644395901493,7.095450335594608
Nigeria,2005,11.837267281784612,10.740016597852675,11.588765507651935,7.454278686898581,10.555165827768233,8.108388513146014
Kenya,2010,12.15617793407292,11.785828407571179,10.387212241029328,6.065472658561505,9.763044711735574,6.670802532393741
Mauritius,2021,10.86133650385045,11.69906638536696,7.484143898931887,5.138040589194507,4.191634133718861,5.283268991292895
United Republic of Tanzania,2015,11.806583520611838,11.337991822930048,10.56290058120137,6.728018379082911,10.210124773177055,0.4054651081081644
Saint Kitts and Nevis,2011,7.522741133134315,10.313214992559313,4.3694478524670215,4.706215768698016,2.038185425164484,3.582629654271226
Austria,2018,14.00580187618579,12.517830241257169,10.830559003069313,7.496523125423733,7.625322212610028,7.308699708010607
North Macedonia,2002,10.086409623429837,11.203158340248738,8.2554269299275,3.1449386073658427,6.67149030277795,4.395908993938185
Ecuador,2006,11.88043743399133,11.643705450944555,10.737188851735322,5.07970105181583,8.567945714613401,7.595652452339937
Jordan,2003,11.052240283813473,11.726485462604742,11.76783896437324,3.675866299099854,7.296819965722521,5.637820718978442
Sri Lanka,2010,12.099223754272185,11.437297316955444,11.427416595015004,4.8193444599920285,7.627787788323465,5.896453072686762
Costa Rica,2009,12.019394864152705,11.974471841348722,10.472157465986557,6.397795391469459,7.227904541571419,8.003791753086425
Pakistan,2010,12.697934972163853,11.547029087137384,13.669484979916147,6.58513663664946,10.232760862026797,8.2206112994643
Benin,2005,10.066506248434216,11.01759880628135,2.917770732084279,3.307968881990837,8.081835725443037,4.846555233813652
Tunisia,2003,11.062404150288117,10.915526550059171,9.412035215546853,5.0401759602510126,8.587422221621,5.888822555136102
Sweden,2012,13.54259596313824,12.009840280535999,10.194182473103872,9.095233403215985,9.027322382729436,6.112605826435407
Canada,2021,15.240158054678734,12.100539275427705,13.934084293280952,11.306112708672424,12.105384530521107,10.133938908113992
Iran (Islamic Republic of),2005,12.371547888324352,11.735138401578686,13.407478257435676,6.739758136142998,10.58412104822784,7.383477940011936
United States of America,2017,16.261752819146793,12.200598142290698,14.896979166600715,11.631311281880446,12.36233100472567,11.684360176923416
Portugal,2009,13.190781861740337,11.81476115080604,10.420562181960527,6.086616609109315,7.923339157198831,8.200412595540268
Oman,2003,11.398285453584213,11.81933605866099,6.927721291623015,4.051784947803305,8.615438453588462,3.2773333944397693
Peru,2015,12.870620230808287,12.087035187050729,11.852772612412686,6.467479876071476,10.160581494428618,7.6574523201955405
Ethiopia,2018,11.868708515039843,11.368190769838312,13.442891319495546,8.105096140510025,10.200223227078919,6.940301120431189
Oman,2015,12.34803662666575,11.845228307449409,8.922791623969637,,8.293365141180201,4.387356157503638
Angola,2007,11.12392408289273,11.298268527533338,7.701264790775091,2.3243124843898415,10.386871396079783,3.020546829928429
Hungary,2010,13.123387269714318,11.66380881287718,11.173433473475288,6.382102367548935,7.867589944595407,7.908367201107686
New Zealand,2016,13.813344560133704,11.594192960746042,12.56585735911911,7.115243560889606,8.841913996584106,7.114301859388977
Kuwait,2011,11.801480905924684,12.554542267701388,7.732758839003874,8.856090298233333,5.827842092283379,6.407160474781483
Thailand,2006,13.617539483761835,11.503678295931746,12.667136568788102,5.771691906011578,9.796658366316892,9.230853531098553
Uruguay,2003,10.999724800805103,11.62883415254062,9.933054445359831,5.088850993806692,8.840954027031078,7.382787217288224
Libya,2002,10.66377109973515,11.043598939771133,11.751950239425476,1.7047480922384253,10.421008214434615,5.702886239824386
Maldives,2006,9.020255424564395,10.890830958971506,4.8853869623286,4.566735059380879,2.217225244042889,3.772109384883769
Bhutan,2014,8.860939621112914,11.3553323516103,6.371218607530096,2.7481209695227835,6.672634030595981,0.6305116095684603
Morocco,2015,12.58357190850832,11.8419361672173,11.654339954180873,6.54801093615929,9.709930614565403,8.27251222321386
Malawi,2015,11.219780643766505,11.917837086599674,10.776665960754135,5.311627164404088,8.251676964730779,6.341650357084813
Philippines,2011,13.10487246603272,11.522389629058624,12.172367971024634,7.282478010078169,9.092310190397146,8.573079208801454
Myanmar,2005,10.679914154996025,11.347548337065128,8.510953766626217,8.710565958022208,9.591171199125986,6.024778426137916
Argentina,2004,13.463652624531703,11.892571007533197,12.2144202074867,7.490321737656103,11.27470344564085,10.494843909926562
Slovenia,2015,12.145813773615963,11.403134315199647,8.657129031713755,5.977775653174453,5.9297690395980895,5.694727314446783
Ukraine,2010,13.103613695566462,11.272425915919325,12.52373498920409,7.006658974368333,9.840162412600812,9.635876535402788
Syrian Arab Republic,2008,12.273188506534604,11.621392513989148,12.435623625360986,6.61338421837956,8.817357041370075,5.558007117519713
Bulgaria,2005,11.47262373439477,10.957003097950802,9.65262587888923,6.967421574927456,8.13766569917177,6.459839618830641
Bolivia (Plurinational State of),2007,10.71784337613543,11.264778741483376,8.477310906745497,5.772006902818046,10.246572401375698,7.651801707553556
Latvia,2009,11.700181355668457,11.01026640387063,9.841989253720522,2.2591458396324153,7.445023203253652,5.446762001904855
United Republic of Tanzania,2014,12.019420799050371,11.278958781568097,10.504863409148344,6.568457053011861,10.206959616831492,0.4054651081081644
Burkina Faso,2002,9.45345362955223,11.681066650832399,5.556828061699537,2.237621895027367,8.971965790174872,5.542073674431412
Argentina,2019,14.313935482653005,11.779416865419156,12.624994306741582,8.31555620580165,11.235777992539983,10.96302361856408
Zambia,2019,10.697491340117375,11.929329853703388,12.128115401348525,6.207247744015899,9.856238699935517,7.0903863116930035
Uruguay,2006,11.576506105611724,11.797964046476592,10.316129622309239,6.116994447063122,8.63758719461334,7.576678070651218
Malawi,2003,10.599031857695795,11.745689499764644,9.849572403035689,3.292372402539353,8.170492151838767,3.373026504695459
Ireland,2019,13.833559250139306,12.54126763825113,11.772191102879948,10.798915537763701,7.749014535481633,6.716874914146486
Croatia,2015,12.128191348588532,11.735457192794975,10.190644487127155,5.193670332412836,7.4658699407912925,6.485023382760967
Morocco,2011,12.662855936605053,11.850314164627756,11.465937416015302,6.387172091876572,9.638236625664835,8.272515872389421
Peru,2006,11.863323793774414,11.984458605734817,10.817396621931023,6.683474831646488,10.155253267860605,6.945755295465228
Senegal,2006,10.857019475499355,11.863221195835754,7.9247959139564355,4.754499015069695,8.522635498020525,4.741127799623295
Bangladesh,2002,11.057501040750777,11.204666465529616,13.21727832760057,4.483002552013884,8.773603870979917,6.841395841723368
"China, Taiwan Province of",2015,13.336821727984004,11.975216301955205,11.942718891679489,7.862921985106766,6.93545003251905,8.02114177841701
Sri Lanka,2021,12.510761098735925,11.451933616643483,10.7594362576601,5.723144947909258,7.585827868216879,6.427191195017738
Malawi,2009,11.390911773948456,11.833685295327305,9.702129013726365,3.214867803470662,8.228644076525105,5.228622718261095
Mexico,2015,14.555712891686117,11.863630990969536,14.397353482676406,9.431957948202413,10.971028148692545,9.686520615770666
Republic of Korea,2014,14.123418805564453,11.766363082134017,12.152975971644896,8.737511901179815,7.788332473698428,8.592405614663742
Colombia,2018,13.228965806068855,11.837046412822113,11.256966180312167,8.347390661726843,10.322484323889393,9.286813066377224
Romania,2011,13.15045030408804,11.575408124271316,11.147928073248616,6.498423738473323,8.820794929691369,7.69415977608801
Malaysia,2021,14.70603656439457,11.498175397424138,11.381999506421515,7.981926895496607,8.765381488436626,9.335669199733115
Croatia,2017,12.343585390065357,11.725803413920248,10.308693103152637,4.094487940831786,7.459406097263263,6.090472427438032
Papua New Guinea,2004,10.15086719655677,11.496138685430063,8.614501373883236,2.629748601819393,9.075384588765496,4.774758236932401
Suriname,2006,9.16281835074191,11.732630221512453,8.058327306580958,,7.900015820143672,4.643525139864555
Mozambique,2008,10.769104096582325,11.317805999546401,9.534327854519482,5.5104741167259474,10.083807329326943,5.542103528408151
Latvia,2002,10.832462498559,11.344562038644778,9.372282051563948,3.7952581107902486,7.39008368682438,4.545496005216581
Costa Rica,2008,12.135875030774248,11.920862666451237,9.48602577124378,6.478088662672097,7.2206785939871505,8.079646297267871
Armenia,2008,10.657525986029938,11.524809019451178,8.161561376698383,5.701034503272277,6.702607648881969,3.893859034800475
Türkiye,2005,13.224210929825992,11.822093906856303,13.085958251049524,8.621282899940619,10.171886824097031,9.352252795439542
France,2009,15.32040398281017,12.133660297929332,11.903622053373214,10.011296149166967,9.776924477753715,9.74844781094389
New Zealand,2002,12.696567875255614,11.582965388107235,12.830263561076,6.5470833467653415,8.82925492993476,6.960968978211349
Zambia,2005,10.039319681851707,11.773082680310972,9.222191300075782,5.880365374589262,9.832452418478477,6.692590526512315
Pakistan,2014,13.088324737771803,11.542905184791826,12.8202357879007,6.582772781775894,10.244725885780596,7.995997315309057
Iraq,2008,12.416290350198219,10.660641863070365,10.868587496017359,6.851872521734463,9.242048965319903,5.480940961057341
Czechia,2011,13.447282827306465,11.831943400531863,10.504454074305414,5.875270898643837,7.78553032910995,7.103325146402936
Mexico,2010,14.262668747752754,11.827040541525706,12.48964611518244,9.413905916439552,10.925222396573824,9.766324239131437
Morocco,2008,12.602636168492428,11.701640931029951,11.196857635323791,7.235559548753219,9.636593041982104,8.272526454923241
Iran (Islamic Republic of),2015,13.353568385251693,11.948976796738629,11.76065371212942,6.990114225179858,10.4644395901493,7.116973882217746
Chile,2013,13.493031130425868,12.158465849086701,10.93970617870578,9.232997546173905,9.598994182582478,7.618829379218254
Canada,2013,14.976024143348578,12.037757867537113,13.568843741356575,11.056685459636114,11.877024912279886,10.030607938503646
Republic of Korea,2021,14.423191026334512,11.693082180184671,11.903114485525876,9.613570420788037,7.762929184593787,8.554420160139538
Samoa,2008,7.95658343139332,10.682786626251936,4.6443908991413725,3.921206071712091,4.195149261344066,2.778286743354419
Türkiye,2008,13.710638765454425,11.876235619856214,12.784719946111403,9.32375833901174,10.139978552096212,9.238898951554285
Zambia,2018,10.763661128273325,11.910151390708586,11.777087535492452,4.770747969916926,9.856238699935517,7.09038036113618
Zambia,2006,10.199159495790504,11.758609069878679,9.590941337632055,6.424528609406927,9.838829023753483,6.736777141648607
Honduras,2005,11.134186875272734,11.805363708885482,10.412339229350104,5.388847960489775,7.885665757281454,6.704192210193745
Peru,2007,12.057353887456348,12.047634682362974,11.367877207118035,5.0985280773480515,10.157260068354079,6.560213500424626
Fiji,2009,9.897840387271167,11.32281229893939,7.142651715988998,5.065353437155181,5.999350041381972,5.363660251598201
Niger,2008,9.874948750750539,11.410081533143725,7.001533983646535,5.211667954041359,10.450488632363184,1.9487632180377197
Burundi,2005,8.314054719196724,11.306173227945294,7.218176838403408,0.4603951149666255,6.99812905233164,4.231026080579109
Ireland,2012,13.633409726808623,12.09954478212034,10.991274794565404,9.809482331682378,7.751340439494114,6.388619293692674
Brunei Darussalam,2011,9.679679718134755,10.275691298092488,5.478678669966805,6.5398262446650195,4.504584577083225,3.9767177643599574
Rwanda,2007,8.927291030098349,10.909592581398806,8.97094039814245,3.883923547625326,7.012460580033747,4.743253701959837
Côte d'Ivoire,2005,11.95874899349811,11.366006151432673,10.097708270766104,5.745948666138786,9.324643284950218,3.6439343880707677
Lithuania,2007,12.241908228538751,11.441444978122723,11.357868332772457,6.189579760332321,7.43593583098925,6.3492458232799045
Tonga,2009,7.545289070024525,10.548629885484857,7.232423426785783,2.6070084940981153,3.3025483005923157,1.4569525119259032
Slovenia,2011,12.274760359350148,11.385773679309745,9.020866901105812,5.350063604841007,6.11788792504396,5.7659968685296805
Niger,2011,9.88181480265027,11.339023034330339,8.626693127838328,6.288858430942196,10.458866042457466,1.8397556674963105
Armenia,2016,10.987331885320074,11.493995190397078,9.435097420902748,4.675311791427481,6.781327169628716,4.768658090322527
Cyprus,2012,11.077053338737116,11.658324628412354,7.530577532431666,6.192868247038524,5.186102460758288,5.850661884800224
Burkina Faso,2011,10.559515726476203,11.763759879072861,9.364620913500916,4.819862445528422,9.02442235466422,5.869739376437721
Argentina,2011,14.459990488675512,11.91461983641452,12.5259424364996,8.129174996911793,11.266275742055392,11.040555243266661
Italy,2016,15.080472327137427,11.96362869305585,11.950048880403068,8.970754856113754,9.136534011137929,9.447878489296935
Georgia,2007,10.80112454688743,10.516472573844037,8.755157920000302,6.428076036392922,7.358751277338291,6.7669583726450675
Paraguay,2008,12.052048416041067,11.773955763177144,11.350772854923912,4.737598053285785,9.26282818121814,8.330010237154749
Norway,2003,11.823715052946117,11.483626114782375,12.260485070368736,8.018669741477453,8.65336110536189,5.1049146397432645
Dominican Republic,2018,12.507429214732916,11.501923344816932,9.622944633985284,7.22493547222273,7.265023002192516,7.329071134649678
Latvia,2019,12.496407974668813,11.679383525892682,10.578691376284812,5.343397566827913,7.477876170776986,6.050814407180975
Jamaica,2008,10.835370261964298,11.643204323836914,7.460251177377056,6.629627419335168,5.786386003191411,5.910266112315259
Namibia,2011,10.096534373618137,10.672970578838283,7.344460622826358,6.0319834136896056,10.06763806729531,5.076200074164227
Mongolia,2008,10.034037058098942,10.49553249918472,7.83241092718792,5.193663545567139,10.991128346559986,3.516989017808668
